"0","  colnames(wcvp_names)
"
"1"," [1]"
"1"," ""plant_name_id""          "
"1"," ""ipni_id""                "
"1"," ""taxon_rank""             "
"1","
"
"1"," [4]"
"1"," ""taxon_status""           "
"1"," ""family""                 "
"1"," ""genus_hybrid""           "
"1","
"
"1"," [7]"
"1"," ""genus""                  "
"1"," ""species_hybrid""         "
"1"," ""species""                "
"1","
"
"1","[10]"
"1"," ""infraspecific_rank""     "
"1"," ""infraspecies""           "
"1"," ""parenthetical_author""   "
"1","
"
"1","[13]"
"1"," ""primary_author""         "
"1"," ""publication_author""     "
"1"," ""place_of_publication""   "
"1","
"
"1","[16]"
"1"," ""volume_and_page""        "
"1"," ""first_published""        "
"1"," ""nomenclatural_remarks""  "
"1","
"
"1","[19]"
"1"," ""geographic_area""        "
"1"," ""lifeform_description""   "
"1"," ""climate_description""    "
"1","
"
"1","[22]"
"1"," ""taxon_name""             "
"1"," ""taxon_authors""          "
"1"," ""accepted_plant_name_id"" "
"1","
"
"1","[25]"
"1"," ""basionym_plant_name_id"" "
"1"," ""replaced_synonym_author"""
"1"," ""homotypic_synonym""      "
"1","
"
"1","[28]"
"1"," ""parent_plant_name_id""   "
"1"," ""powo_id""                "
"1"," ""hybrid_formula""         "
"1","
"
"1","[31]"
"1"," ""reviewed""               "
"1"," ""TAXON_NAME_U""           "
"1"," ""TAXON_AUTHORS_U""        "
"1","
"
